INSERT INTO application_variable (id, name, value) VALUES (1, 'carCoefficient', '8');
INSERT INTO application_variable (id, name, value) VALUES (2, 'TAIPEI_TAIPEI', '0');
INSERT INTO application_variable (id, name, value) VALUES (3, 'TAIPEI_BANQIAO', '35');
INSERT INTO application_variable (id, name, value) VALUES (4, 'TAIPEI_TAOYUAN', '155');
INSERT INTO application_variable (id, name, value) VALUES (5, 'TAIPEI_HSINCHU', '280');
INSERT INTO application_variable (id, name, value) VALUES (6, 'TAIPEI_TAICHUNG', '675');
INSERT INTO application_variable (id, name, value) VALUES (7, 'TAIPEI_CHIAYI', '1045');
INSERT INTO application_variable (id, name, value) VALUES (8, 'TAIPEI_TAINAN', '1305');
INSERT INTO application_variable (id, name, value) VALUES (9, 'TAIPEI_ZUOYING', '1445');
INSERT INTO application_variable (id, name, value) VALUES (10, 'BANQIAO_TAIPEI', '35');
INSERT INTO application_variable (id, name, value) VALUES (11, 'BANQIAO_BANQIAO', '0');
INSERT INTO application_variable (id, name, value) VALUES (12, 'BANQIAO_TAOYUAN', '125');
INSERT INTO application_variable (id, name, value) VALUES (13, 'BANQIAO_HSINCHU', '250');
INSERT INTO application_variable (id, name, value) VALUES (14, 'BANQIAO_TAICHUNG', '645');
INSERT INTO application_variable (id, name, value) VALUES (15, 'BANQIAO_CHIAYI', '1015');
INSERT INTO application_variable (id, name, value) VALUES (16, 'BANQIAO_TAINAN', '1280');
INSERT INTO application_variable (id, name, value) VALUES (17, 'BANQIAO_ZUOYING', '1415');
INSERT INTO application_variable (id, name, value) VALUES (18, 'TAOYUAN_TAIPEI', '155');
INSERT INTO application_variable (id, name, value) VALUES (19, 'TAOYUAN_BANQIAO', '125');
INSERT INTO application_variable (id, name, value) VALUES (20, 'TAOYUAN_TAOYUAN', '0');
INSERT INTO application_variable (id, name, value) VALUES (21, 'TAOYUAN_HSINCHU', '125');
INSERT INTO application_variable (id, name, value) VALUES (22, 'TAOYUAN_TAICHUNG', '520');
INSERT INTO application_variable (id, name, value) VALUES (23, 'TAOYUAN_CHIAYI', '890');
INSERT INTO application_variable (id, name, value) VALUES (24, 'TAOYUAN_TAINAN', '1150');
INSERT INTO application_variable (id, name, value) VALUES (25, 'TAOYUAN_ZUOYING', '1290');
INSERT INTO application_variable (id, name, value) VALUES (26, 'HSINCHU_TAIPEI', '280');
INSERT INTO application_variable (id, name, value) VALUES (27, 'HSINCHU_BANQIAO', '250');
INSERT INTO application_variable (id, name, value) VALUES (28, 'HSINCHU_TAOYUAN', '125');
INSERT INTO application_variable (id, name, value) VALUES (29, 'HSINCHU_HSINCHU', '0');
INSERT INTO application_variable (id, name, value) VALUES (30, 'HSINCHU_TAICHUNG', '395');
INSERT INTO application_variable (id, name, value) VALUES (31, 'HSINCHU_CHIAYI', '765');
INSERT INTO application_variable (id, name, value) VALUES (32, 'HSINCHU_TAINAN', '1025');
INSERT INTO application_variable (id, name, value) VALUES (33, 'HSINCHU_ZUOYING', '1160');
INSERT INTO application_variable (id, name, value) VALUES (34, 'TAICHUNG_TAIPEI', '675');
INSERT INTO application_variable (id, name, value) VALUES (35, 'TAICHUNG_BANQIAO', '645');
INSERT INTO application_variable (id, name, value) VALUES (36, 'TAICHUNG_TAOYUAN', '520');
INSERT INTO application_variable (id, name, value) VALUES (37, 'TAICHUNG_HSINCHU', '395');
INSERT INTO application_variable (id, name, value) VALUES (38, 'TAICHUNG_TAICHUNG', '0');
INSERT INTO application_variable (id, name, value) VALUES (39, 'TAICHUNG_CHIAYI', '365');
INSERT INTO application_variable (id, name, value) VALUES (40, 'TAICHUNG_TAINAN', '630');
INSERT INTO application_variable (id, name, value) VALUES (41, 'TAICHUNG_ZUOYING', '765');
INSERT INTO application_variable (id, name, value) VALUES (42, 'CHIAYI_TAIPEI', '1045');
INSERT INTO application_variable (id, name, value) VALUES (43, 'CHIAYI_BANQIAO', '1015');
INSERT INTO application_variable (id, name, value) VALUES (44, 'CHIAYI_TAOYUAN', '890');
INSERT INTO application_variable (id, name, value) VALUES (45, 'CHIAYI_HSINCHU', '765');
INSERT INTO application_variable (id, name, value) VALUES (46, 'CHIAYI_TAICHUNG', '365');
INSERT INTO application_variable (id, name, value) VALUES (47, 'CHIAYI_CHIAYI', '0');
INSERT INTO application_variable (id, name, value) VALUES (48, 'CHIAYI_TAINAN', '270');
INSERT INTO application_variable (id, name, value) VALUES (49, 'CHIAYI_ZUOYING', '395');
INSERT INTO application_variable (id, name, value) VALUES (50, 'TAINAN_TAIPEI', '1305');
INSERT INTO application_variable (id, name, value) VALUES (51, 'TAINAN_BANQIAO', '1280');
INSERT INTO application_variable (id, name, value) VALUES (52, 'TAINAN_TAOYUAN', '1150');
INSERT INTO application_variable (id, name, value) VALUES (53, 'TAINAN_HSINCHU', '1025');
INSERT INTO application_variable (id, name, value) VALUES (54, 'TAINAN_TAICHUNG', '630');
INSERT INTO application_variable (id, name, value) VALUES (55, 'TAINAN_CHIAYI', '270');
INSERT INTO application_variable (id, name, value) VALUES (56, 'TAINAN_TAINAN', '0');
INSERT INTO application_variable (id, name, value) VALUES (57, 'TAINAN_ZUOYING', '135');
INSERT INTO application_variable (id, name, value) VALUES (58, 'ZUOYING_TAIPEI', '1445');
INSERT INTO application_variable (id, name, value) VALUES (59, 'ZUOYING_BANQIAO', '1415');
INSERT INTO application_variable (id, name, value) VALUES (60, 'ZUOYING_TAOYUAN', '1290');
INSERT INTO application_variable (id, name, value) VALUES (61, 'ZUOYING_HSINCHU', '1160');
INSERT INTO application_variable (id, name, value) VALUES (62, 'ZUOYING_TAICHUNG', '765');
INSERT INTO application_variable (id, name, value) VALUES (63, 'ZUOYING_CHIAYI', '395');
INSERT INTO application_variable (id, name, value) VALUES (64, 'ZUOYING_TAINAN', '135');
INSERT INTO application_variable (id, name, value) VALUES (65, 'ZUOYING_ZUOYING', '0');

INSERT INTO departments (id, comment, name) VALUES (66, 'Test department', 'Test department');

INSERT INTO expense_categories (id, name_key, code) VALUES (67, 'category.transportation', 'TRANSPORTATION');
INSERT INTO expense_categories (id, name_key, code) VALUES (68, 'category.meal', 'MEAL');
INSERT INTO expense_categories (id, name_key, code) VALUES (69, 'category.other', 'OTHER');
INSERT INTO expense_categories (id, name_key, code) VALUES (70, 'category.accommodation', 'ACCOMMODATION');

INSERT INTO expense_types (id, value, tax_percent) VALUES (71, 'TRANSP_MRT', 0);
INSERT INTO expense_types (id, value, tax_percent) VALUES (72, 'TRANSP_TAXI', 0);
INSERT INTO expense_types (id, value, tax_percent) VALUES (73, 'TRANSP_BUS', 0);
INSERT INTO expense_types (id, value, tax_percent) VALUES (74, 'TRANSP_HSR_NO_RECEIPT', 5);
INSERT INTO expense_types (id, value, tax_percent) VALUES (75, 'MEAL', 0);
INSERT INTO expense_types (id, value, tax_percent) VALUES (76, 'ACCOMMOD_RECEIPT', 5);
INSERT INTO expense_types (id, value, tax_percent) VALUES (77, 'OTHER', 0);
INSERT INTO expense_types (id, value, tax_percent) VALUES (78, 'TRANSP_TRAIN', 5);
INSERT INTO expense_types (id, value, tax_percent) VALUES (79, 'TRANSP_CAR', 5);
INSERT INTO expense_types (id, value, tax_percent) VALUES (80, 'TRANSP_HSR_RECEIPT', 5);
INSERT INTO expense_types (id, value, tax_percent) VALUES (81, 'ACCOMMOD_NO_RECEIPT', 5);

INSERT INTO exp_category_exp_type (category_id, type_id) VALUES (70, 75);
INSERT INTO exp_category_exp_type (category_id, type_id) VALUES (69, 77);
INSERT INTO exp_category_exp_type (category_id, type_id) VALUES (68, 81);
INSERT INTO exp_category_exp_type (category_id, type_id) VALUES (68, 76);
INSERT INTO exp_category_exp_type (category_id, type_id) VALUES (67, 73);
INSERT INTO exp_category_exp_type (category_id, type_id) VALUES (67, 79);
INSERT INTO exp_category_exp_type (category_id, type_id) VALUES (67, 74);
INSERT INTO exp_category_exp_type (category_id, type_id) VALUES (67, 80);
INSERT INTO exp_category_exp_type (category_id, type_id) VALUES (67, 71);
INSERT INTO exp_category_exp_type (category_id, type_id) VALUES (67, 72);
INSERT INTO exp_category_exp_type (category_id, type_id) VALUES (67, 78);

INSERT INTO type_parameters (id, value) VALUES (82, 'PERSONS');
INSERT INTO type_parameters (id, value) VALUES (83, 'DAYS');
INSERT INTO type_parameters (id, value) VALUES (84, 'SOURCE');
INSERT INTO type_parameters (id, value) VALUES (85, 'DESTINATION');
INSERT INTO type_parameters (id, value) VALUES (86, 'DISTANCE');
INSERT INTO type_parameters (id, value) VALUES (87, 'FREEWAY_TOLL');
INSERT INTO type_parameters (id, value) VALUES (88, 'TICKETS');
INSERT INTO type_parameters (id, value) VALUES (89, 'ROUTE');

INSERT INTO exp_types_type_parameters (type_id, parameter_id) VALUES (80, 85);
INSERT INTO exp_types_type_parameters (type_id, parameter_id) VALUES (80, 84);
INSERT INTO exp_types_type_parameters (type_id, parameter_id) VALUES (80, 88);
INSERT INTO exp_types_type_parameters (type_id, parameter_id) VALUES (75, 83);
INSERT INTO exp_types_type_parameters (type_id, parameter_id) VALUES (75, 82);
INSERT INTO exp_types_type_parameters (type_id, parameter_id) VALUES (76, 83);
INSERT INTO exp_types_type_parameters (type_id, parameter_id) VALUES (76, 82);
INSERT INTO exp_types_type_parameters (type_id, parameter_id) VALUES (79, 86);
INSERT INTO exp_types_type_parameters (type_id, parameter_id) VALUES (79, 87);
INSERT INTO exp_types_type_parameters (type_id, parameter_id) VALUES (71, 89);
INSERT INTO exp_types_type_parameters (type_id, parameter_id) VALUES (73, 89);
INSERT INTO exp_types_type_parameters (type_id, parameter_id) VALUES (74, 84);
INSERT INTO exp_types_type_parameters (type_id, parameter_id) VALUES (74, 85);
INSERT INTO exp_types_type_parameters (type_id, parameter_id) VALUES (74, 88);
INSERT INTO exp_types_type_parameters (type_id, parameter_id) VALUES (81, 83);
INSERT INTO exp_types_type_parameters (type_id, parameter_id) VALUES (81, 82);

INSERT INTO roles (id, value) VALUES (90, 'EMPLOYEE');
INSERT INTO roles (id, value) VALUES (91, 'ACCOUNTANT');

INSERT INTO users (id, created_date, email, enabled, first_name, gender, job_title, last_login, last_name, password, username, department_id) VALUES (92, now(), 'filip.spiridonov@infinitiessoft.com', true, 'Admin F', 'MALE', 'Administrator', NULL, 'Admin L', 'd033e22ae348aeb5660fc2140aec35850c4da997', 'admin', 66);

INSERT INTO users_roles (user_id, role_id) VALUES (92, 90);
INSERT INTO users_roles (user_id, role_id) VALUES (92, 91);

ALTER SEQUENCE hibernate_sequence RESTART WITH 93;

